{
	"Camera1": {
		"width": 1280,
		"height": 720,
		"fx": 909.5612182617188,
		"fy": 908.6838989257812,
		"ppx": 631.2242431640625,
		"ppy": 356.1571960449219
	},
	"Camera2": {
		"width": 1280,
		"height": 720,
		"fx": 902.9149169921875,
		"fy": 901.5549926757812,
		"ppx": 647.5419921875,
		"ppy": 340.61724853515625
	}
}